{"accuracy": [0.955618679523468, 0.9885100722312927, 0.9871843457221985, 0.989962100982666, 0.9934974908828735], "loss": [0.612650990486145, 0.30899345874786377, 0.1399732530117035, 0.08646140247583389, 0.04506315290927887], "val_accuracy": [0.9920454621315002, 0.9892045259475708, 0.9857954382896423, 0.9897727370262146, 0.9943181872367859], "val_loss": [0.5722116231918335, 0.21011310815811157, 0.12283574789762497, 0.10311765968799591, 0.046737078577280045]}